tweet_id,tweet_text,polarity
1,"RT @Ajeetsi04835004: #BEdTET2011_‡§∏‡•á_‡§≠‡§æ‡§ú‡§™‡§æ_‡§ï‡•á_‡§µ‡§æ‡§¶‡•á Life is not so long sir, we are waiting for our right from 10 years . I pleadingly reques‚Ä¶",positive
2,"RT @AbhishBanerj: Can you Imagine!

Supreme Court judge Indira Banerjee, who is from Kolkata, recuses herself from hearing plea filed by ki‚Ä¶",negative
3,RT @sandeep37031453: Bjp always  show power on weak peoples because they work for strong  #BJP_DefamingFarmers,positive
4,"RT @AbhishBanerj: Do you know what fascism is?

Kerala govt banned BJP from holding a meeting of just 12 office bearers citing Covid protoc‚Ä¶",positive
5,"RT @uppuSSinghh: State BJP Unit of Uttar Pradesh is constantly showing arrogance to PM Modi.

They should not forget that they got 325 seat‚Ä¶",neutral
6,"RT @indijaswaloye: Today Hashtag
Retweet 

#BJP_DefamingFarmers https://t.co/cxIjK3zdQE",positive
7,"Sir,  This shows the hypocrisy of your BJP led govt
You failed the Hindus of India and now you are failing whole In‚Ä¶ https://t.co/miJe3BckQZ",neutral
8,"RT @IamNaveenKapoor: After all the speculation that former secy in PMO AK Sharma to be part of UP cabinet , he has been appointed as  state‚Ä¶",positive
9,BJP eyes bigger role in UP for Modi‚Äôs man who scripted Varanasi ‚ÄòCovid turnaround‚Äô https://t.co/1XDnlm8ScN via @ThePrintIndia,positive
10,RT @asadowaisi: Three empty tweets but not a word about the elephant in the room? Say the magic word @PChidambaram_IN:  UAPA. You enacted d‚Ä¶,positive
11,"There is someone in Maharashtra disguising as BJP supporter &amp; trading personal details of others with Shivsena.

St‚Ä¶ https://t.co/vQyNAo3iP1",positive
12,"RT @UnitedWithINC: This is beyond imagination!

The way few senior Delhi police officers, CBI, ED &amp; Judges of SC &amp; HC‚Äôs are working for BJP‚Ä¶",negative
13,"Coronavirus was labeled with ‚ÄúTableegi Crime‚Äù, by the Nazi BJP organization and this fake news were spread througho‚Ä¶ https://t.co/MoVp3OnnGc",neutral
14,"@RahulGandhi at the same time havingPrediction ,ability to build a team&amp;Delegate withInspiring personality to many2‚Ä¶ https://t.co/VakksA66JJ",neutral
15,"RT @Sanginamby: Aditya Yoginath
Dolan Trump
Shucking water from wind
Cloud cover
Gutter gas
No climate change, WE change
50 days of demonet‚Ä¶",neutral
16,"RT @davinder_7: Retweet maximum if u support this hashtag 

#BJP_DefamingFarmers https://t.co/bcXF7tekkc",neutral
17,RT @Sassy_Hindu: Mamata Banerjee has demanded the Nandigram election results be re-evaluated. The Kolkata HC has agreed to listen to her pe‚Ä¶,positive
18,RT @mueen_syeed: @AsianetNewsSN @News18Kannada @TimesNow These Media houses are working as the Spokesperson of BJP.They spread fake agenda‚Äô‚Ä¶,positive
19,"RT @isindianpolitic: #RahulisHope for BJP, I always pray that he continue leading congress forever! 

It will be his biggest contribution f‚Ä¶",positive
20,"RT @SaketGokhale: What‚Äôs the pits of shamelessness? 

A man who unlawfully continued to be a nominated member of the Rajya Sabha after join‚Ä¶",positive
21,"RT @MdShafi_SDPI: Reject the communal politics of BJP
#TnAssemblyResoluteAgainstCAA",positive
22,"RT @HarrisBabu4: BJP divides the nation communally
#TnAssemblyResoluteAgainstCAA https://t.co/xUB7iCXQsi",positive
23,@Manathilpatadhu @Selvakumar_IN @annamalai_k @Narayanan3 @ikkmurugan @BJP4TamilNadu @BJP_Gayathri_R Will you get answer for this question ??,positive
24,"RT @pbhushan1: Exclusive: Ayodhya BJP mayor‚Äôs nephew bought land for 20 lakh, sold it to Ram temple trust for 2.5 Cr! The transactions happ‚Ä¶",negative
25,"RT @uppuSSinghh: State BJP Unit of Uttar Pradesh is constantly showing arrogance to PM Modi.

They should not forget that they got 325 seat‚Ä¶",neutral
26,"RT @Sanginamby: Aditya Yoginath
Dolan Trump
Shucking water from wind
Cloud cover
Gutter gas
No climate change, WE change
50 days of demonet‚Ä¶",neutral
27,"RT @MrSinha_: *Justice Indira Banerjee*
-When a BJP supporter made a meme on Mamata Banerjee : Person should apologize, it's  a serious iss‚Ä¶",neutral
28,RT @_sarthakb_108: I cant Express Myself that how Rahul ji played a very big role in Wiping out Congress from IND &amp; Helping BJP on Each &amp; E‚Ä¶,positive
29,"RT @Nher_who: BJP came to power criticizing Petrol hike, Black Money and Inflation

Today petrol touched 100, Funds in Swiss bank highest i‚Ä¶",negative
30,"RT @SAHILKILLEDAR5: These godis will not deserve 4th pillar of Indian.
These are unofficial spoke person channels of snaghi rss and bjp ..‚Ä¶",positive
31,RT @diamond__jatt: I think retweet is better than like. #BJP_DefamingFarmers https://t.co/yVMIppEjTt,positive
32,RT @raizada55: People who haven't lived a single day in U.P. are now giving lectures to Traditionalists on how bad Yogi is and how BJP shou‚Ä¶,negative
33,RT @OpIndia_com: Andhra Pradesh: BJP leaders arrested for protesting against installation of Tipu Sultan statue by by YSRCP MLA after deman‚Ä¶,positive
34,"RT @uppuSSinghh: State BJP Unit of Uttar Pradesh is constantly showing arrogance to PM Modi.

They should not forget that they got 325 seat‚Ä¶",neutral
35,"RT @AbhishBanerj: Can you Imagine!

Supreme Court judge Indira Banerjee, who is from Kolkata, recuses herself from hearing plea filed by ki‚Ä¶",negative
36,"RT @bainjal: Exclusive: BJP mayor‚Äôs kin bought land for 20 lakh, sold to temple trust for 2.5 crore https://t.co/E2jS4hxn4x  Wah Bjp Wah",negative
37,"RT @SukhdevSingh_: Protesting farmers were defamed continuously calling them fake farmers , terrorist  ,  naxalites and so on by the the BJ‚Ä¶",negative
38,RT @1Kuldeep2: @Waheguru5486 They ask not merger handouts for their vote or credit leading to debt and suicides. They ask for a fair price‚Ä¶,positive
39,"RT @uppuSSinghh: PM Modi‚Äôs close aide AK Sharma appointed as UP BJP Vice President.

Happy to see PM Modi not depending on local &amp; organisa‚Ä¶",positive
40,"RT @skt_Bharatwasi: Criticize Modi, BJP or BJP followers or their supporters if you don't like them. 

Don't normalise people using the wor‚Ä¶",neutral
41,RT @punjabisath1: BJP Defaming farmers #BJP_DefamingFarmers https://t.co/SANcRRAAWL,positive
42,"RT @Voice4Indians: BJP Minister ram das Athawale wishing Rahul Gandhi on his birthday
Full video link in bio
Go and watchüôè
Please subscribe‚Ä¶",positive
43,"RT @uppuSSinghh: State BJP Unit of Uttar Pradesh is constantly showing arrogance to PM Modi.

They should not forget that they got 325 seat‚Ä¶",neutral
44,"RT @AbhishBanerj: Can you Imagine!

Supreme Court judge Indira Banerjee, who is from Kolkata, recuses herself from hearing plea filed by ki‚Ä¶",negative
45,RT @rohini_sgh: Property dealer and BJP‚Äôs Ayodhya mayor‚Äôs nephew bought land for Rs 20 lakhs and sold it to the Ram Mandir trust for Rs 2.5‚Ä¶,negative
46,RT @Kannadanammamma: MODI Vs YOGI is a fiction enacted in UP by @BJP4India to fool people and turn Anti incumbency of BJP govt to Anti Incu‚Ä¶,neutral
47,"RT @Md_Zaid_SDPI: These godi's will not deserve 4th pillar of Indian...
These are Unofficial spoke person channels of Sanghi's Rss and Bjp.‚Ä¶",positive
48,"RT @AgentSaffron: Karnataka BJP government could make both google and amazon apologize.

It just needs willpower. https://t.co/O0o06aBvvy",neutral
49,@Sanjay_Dixit @ThePrintIndia So that they can contribute to Ghazwa e hind...BJP turning to be more dangerous,positive
50,RT @Kisanektamorcha: Ovr 7 months of farmers' movement; still no action hs been taken against all the wrongdoings &amp; disgrace farmers faced‚Ä¶,positive
51,RT @raizada55: People who haven't lived a single day in U.P. are now giving lectures to Traditionalists on how bad Yogi is and how BJP shou‚Ä¶,negative
52,RT @FutureWorldCen: #LiberalHypocrisy #Dhaka Right from rightly guided 1st #Calif Abu Bakr‚Äôs acts on Ahl al-Bayt to making of #SonarBangla‚Ä¶,positive
53,RT @AnshumanSail: Maharashtra : Former Minister and BJP MLA Dr. Sunil Deshmukh joined Congress in the state today. Former NCP MLA Sh. Dilip‚Ä¶,positive
54,RT @AgentSaffron: Yogiji was only BJP CM who openly came out in support of Sabarimala traditions during the time the controversy erupted.‚Ä¶,negative
55,"RT @Savekisaan: Unity is our strength 

#BJP_DefamingFarmers https://t.co/9jdg4JzbfY",negative
56,"@Ruchhan @LeherSethi ü§£ü§£ü§£ü§£ Followed by @KapilMishra_IND !!

Sorry state of bjp leadership!!",negative
57,"RT @bainjal: Exclusive: BJP mayor‚Äôs kin bought land for 20 lakh, sold to temple trust for 2.5 crore https://t.co/E2jS4hxn4x  Wah Bjp Wah",negative
58,"@ANI Pardon me, I don't understand the difference here. BJP has the majority in both houses directly and indirectly‚Ä¶ https://t.co/k65MfoYDg8",neutral
59,"RT @davinder_7: BJP total failure in terms of development,  inflation , corruption even medical field during Corona.   No good administrati‚Ä¶",negative
60,"RT @uppuSSinghh: State BJP Unit of Uttar Pradesh is constantly showing arrogance to PM Modi.

They should not forget that they got 325 seat‚Ä¶",neutral
61,RT @thakkar_sameet: Merit list of 50 candidates selected for the post of sub-inspector by West Bengal Police Recruitment Board. Each and ev‚Ä¶,neutral
62,"RT @Bhinda_84: BJP Defaming Farmers
#BJP_DefamingFarmers",positive
63,"RT @Najeebu69418876: These godi's will not deserve 4th pillar of Indian...
These are Unofficial spoke person channels of Sanghi's Rss and B‚Ä¶",positive
64,"RT @MrSinha_: *Justice Indira Banerjee*
-When a BJP supporter made a meme on Mamata Banerjee : Person should apologize, it's  a serious iss‚Ä¶",neutral
65,RT @raizada55: People who haven't lived a single day in U.P. are now giving lectures to Traditionalists on how bad Yogi is and how BJP shou‚Ä¶,negative
66,"RT @RituRathaur: Pic1: SC when it's Prashant Kanojia

Pic 2:. SC when it's BJP karyakarta Priyanka

Gazab! https://t.co/F0G4stxuKT",positive
67,"RT @advmonikaarora: Terror unleashed on those who joined BJP:
-Houses vandalised
Men killed
Women sexually assaulted Became refugees.
-Now‚Ä¶",positive
68,"RT @MdShafi_SDPI: Reject the communal politics of BJP
#TnAssemblyResoluteAgainstCAA",positive
69,RT @ANINewsUP: Uttar Pradesh BJP appoints MLC AK Sharma as vice president of the party's state unit,negative
70,RT @Kisanektamorcha: Ovr 7 months of farmers' movement; still no action hs been taken against all the wrongdoings &amp; disgrace farmers faced‚Ä¶,positive
71,RT @CPIM_WESTBENGAL: The @cituhq has vehemently condemned the destructive decision of the BJP Govt to corporatise the Ordnance Factories fu‚Ä¶,neutral
72,"RT @rohanduaT02: BRK:Day of hectic political activity in UP

Top Rahul Gandhi aide @JitinPrasada who recently joined BJP meets UP CM @myogi‚Ä¶",positive
73,RT @rohini_sgh: Property dealer and BJP‚Äôs Ayodhya mayor‚Äôs nephew bought land for Rs 20 lakhs and sold it to the Ram Mandir trust for Rs 2.5‚Ä¶,negative
74,"RT @barandbench: Justice Sanjiv Khanna points out that in light of the elections and the Priyanka Sharma being affiliated to the BJP, the o‚Ä¶",neutral
75,"RT @PSGrewal2: I would say Indians in general are defaming farmers

There doesn't seem to be much sympathy for these farmers who have been‚Ä¶",negative
76,RT @mohamme55139336: @AsianetNewsSN @News18Kannada @TimesNow These Media houses are working as the Spokesperson of BJP.They spread fake age‚Ä¶,positive
77,RT @MnshaP: Nephew of Ayodhya mayor bought prime land near temple complex for Rs 20 lakh &amp; sold it to¬†Ram Janmabhoomi Trust for Rs 2.5 cror‚Ä¶,negative
78,"RT @SaralPatel: Kauravas were powerful &amp; arrogant. 
Pandavas were humble &amp; fought for the truth. Like the Kauravas the BJP &amp; the RSS are de‚Ä¶",neutral
79,"RT @harpal900: Good morning to everyone 
No Farmer No Food 
Support farmers 
#BJP_DefamingFarmers 
#FarmersProtest",negative
80,"RT @DombivaliMe: Life in ùóßùóµùó≤ ùóñùóºùòÇùóªùòÅùóøùòÜ is Only From ùóôùóÆùóøùó∫ùó≤ùóøùòÄ Without Them The ùóñùóºùòÇùóªùòÅùóøùòÜ is ùóüùó∂ùó≥ùó≤ùóπùó≤ùòÄùòÄ‚Äº

#‡§ï‡§∞‡•ã_‡§Ü‡§ó‡§æ‡§ú_‡§ï‡§ø‡§∏‡§æ‡§®_‡§∞‡§æ‡§ú 
#BJP_DefamingFarmers‚Ä¶",positive
81,"RT @MrSinha_: *Justice Indira Banerjee*
-When a BJP supporter made a meme on Mamata Banerjee : Person should apologize, it's  a serious iss‚Ä¶",neutral
82,"RT @AbhishBanerj: Can you Imagine!

Supreme Court judge Indira Banerjee, who is from Kolkata, recuses herself from hearing plea filed by ki‚Ä¶",negative
83,RT @AnshumanSail: Maharashtra : Former Minister and BJP MLA Dr. Sunil Deshmukh joined Congress in the state today. Former NCP MLA Sh. Dilip‚Ä¶,positive
84,"RT @YashwantSinha: First, it was wrong of Justice Chanda to attend a BJP party function. Second, it is wrong on his part to hear the case f‚Ä¶",negative
85,RT @AnshumanSail: Maharashtra : Former Minister and BJP MLA Dr. Sunil Deshmukh joined Congress in the state today. Former NCP MLA Sh. Dilip‚Ä¶,positive
86,"RT @RituRathaur: Pic1: SC when it's Prashant Kanojia

Pic 2:. SC when it's BJP karyakarta Priyanka

Gazab! https://t.co/F0G4stxuKT",positive
87,RT @afsarkodlipet: Playing CAA politics in the midst of utter failure in pandemic calamity is disversanery play of Modi government...Don't‚Ä¶,negative
88,"RT @Sunil_Deodhar: In Tripura, 70yr rule of @INCIndia-@cpimspeak, instead of empowering Tribals, created disharmony between Tribals-Non Tri‚Ä¶",negative
89,RT @Kisanektamorcha: Ovr 7 months of farmers' movement; still no action hs been taken against all the wrongdoings &amp; disgrace farmers faced‚Ä¶,positive
90,RT @rohini_sgh: Property dealer and BJP‚Äôs Ayodhya mayor‚Äôs nephew bought land for Rs 20 lakhs and sold it to the Ram Mandir trust for Rs 2.5‚Ä¶,negative
91,RT @Kisanektamorcha: Since the start of #FarmersProtest govt. has been adopting ways to defame the farmers &amp; also unnecessarily targeting t‚Ä¶,negative
92,"RT @narendramodi177: Rahul Gandhi Is India's Best Leader

Rahul Gandhi Is Most Fav Politician

Rahul Gandhi Is Our Inspiration

Rahul Gandh‚Ä¶",positive
93,RT @UnSubtleDesi: Andhra Pradesh: BJP leaders arrested for protesting against installation of Tipu Sultan statue by by YSRCP MLA after dema‚Ä¶,positive
94,"Our Stipend Our Right
#HyundaiALCAZAR #WTC2021 #IndiaVsNewZealand #Gill #‡§™‡§™‡•ç‡§™‡•Ç_‡§¶‡§ø‡§µ‡§∏ #BJP_DefamingFarmers‚Ä¶ https://t.co/qNm7AjYk5z",negative
95,RT @navneetkaursoh3: Farming is not our profession its our HERITAGE  #BJP_DefamingFarmers https://t.co/jsCV8Asnhx,positive
96,"RT @Veer09Rudra: This debate featuring Gaurav Bhatia of BJP, Pawan Khera of Cong, left Rajdeep Sardesai red faced, floored n totally at a l‚Ä¶",positive
97,"RT @advmonikaarora: Terror unleashed on those who joined BJP:
-Houses vandalised
Men killed
Women sexually assaulted Became refugees.
-Now‚Ä¶",positive
98,RT @MdToush0786: We have seen this kind of arrogance from 2014 from modi till the least BJP leader #HappyBirthdayRahulGandhi https://t.co/z‚Ä¶,negative
99,RT @rohini_sgh: Property dealer and BJP‚Äôs Ayodhya mayor‚Äôs nephew bought land for Rs 20 lakhs and sold it to the Ram Mandir trust for Rs 2.5‚Ä¶,negative
100,"RT @Sunil_Deodhar: In Tripura, 70yr rule of @INCIndia-@cpimspeak, instead of empowering Tribals, created disharmony between Tribals-Non Tri‚Ä¶",negative
